model,original,product_cue_masked,top_tfidf_feature_masked,drop_product_cue_masked,drop_top_tfidf_feature_masked
Fine-tuned DistilBERT,0.8506991518481556,0.7186314602987104,0.46266978441876294,0.1320676915494452,0.38802936742939265
TF-IDF + LR,0.8478834670285418,0.7801068775454865,0.6643188127134867,0.06777658948305532,0.1835646543150551
Frozen DistilBERT + LR,0.7257237569401206,0.576189421973754,0.25655730830188495,0.1495343349663666,0.46916644863823564
